id,name,surname,edad
1,Jada,Jensen,18
2,Chaim,Webb,39
3,Gil,Mckinney,17
4,Emi,Douglas,84
5,Melanie,Branch,44
6,Bruce,Adams,73
7,Brian,Sanders,68
8,Jason,Montoya,32
9,Mark,Hutchinson,81
10,Eden,Carlson,80
11,Hadassah,Nash,61
12,Ciaran,Walls,47
13,Cassady,Parsons,96
14,Kato,Diaz,66
15,Jelani,Fleming,65
16,Carter,Martin,42
17,Warren,Henson,61
18,Walter,Fields,87
19,Christen,Casey,3
20,Lionel,Santana,94
21,Asher,Sullivan,96
22,Ethan,Hoffman,80
23,Jarrod,Emerson,95
24,Yardley,Sawyer,9
25,Dominique,Padilla,46
26,Caryn,Guerrero,63
27,Cooper,Davenport,87
28,Zelenia,Houston,14
29,Damon,Lamb,71
30,Sacha,Dean,66
31,Devin,Solis,45
32,Cynthia,Carver,64
33,Kasimir,Hartman,47
34,Dorothy,Landry,22
35,Carl,Hewitt,31
36,Garrett,Hayes,47
37,Justin,Christensen,80
38,Yvonne,Lloyd,79
39,Jenna,Skinner,33
40,Audra,Beard,12
41,Devin,Perez,44
42,Aubrey,Benton,28
43,Christine,Faulkner,1
44,Willow,Weaver,34
45,Hannah,Ellison,59
46,Carlos,Hines,80
47,Olympia,Maxwell,26
48,Amery,Petty,42
49,Sydnee,Ramsey,92
50,Joy,Berg,59
51,Upton,Sparks,37
52,Emi,Padilla,83
53,Maya,Talley,3
54,Mark,Michael,3
55,Xantha,Whitehead,30
56,Odessa,Mullins,74
57,Vera,Buckley,24
58,Erasmus,Bentley,2
59,Yuli,Coleman,35
60,Kadeem,Moss,30
61,Kai,Wilson,12
62,Laura,Hammond,40
63,Malik,Juarez,90
64,Macon,French,13
65,Adena,Joseph,61
66,Raya,Porter,75
67,Rhoda,Grimes,84
68,Sasha,Cotton,5
69,Mira,Park,59
70,Boris,Golden,54
71,Lee,Santiago,80
72,Aimee,Wade,98
73,Jennifer,Hebert,74
74,Brianna,Saunders,43
75,Elmo,Smith,18
76,Demetrius,Lloyd,57
77,Jenna,Davis,52
78,Taylor,Lawson,63
79,Gretchen,Bonner,94
80,Michael,Suarez,86
81,Dai,Shepard,29
82,Georgia,Albert,90
83,Ivana,Pena,90
84,Neve,Lopez,51
85,Sacha,Griffin,80
86,Burke,Cote,82
87,Althea,Hicks,60
88,Clark,Hawkins,74
89,Noah,Carter,87
90,Hanae,Mcgee,44
91,Kareem,Hartman,66
92,Lane,Bates,93
93,Phyllis,Stein,53
94,Lenore,Moody,74
95,Sean,Walls,98
96,Jenette,Chang,76
97,Kenneth,Garza,61
98,Moana,Burgess,79
99,Owen,Cherry,7
100,Zephania,Macias,14
